date,gap_bps,mon_range,symbol
2023-01-09,105.9622195985832,9.535779763088685,BTCUSDT
2023-01-16,486.71455120799624,25.10827284468178,BTCUSDT
2023-01-23,20.523911460288424,20.635207059641942,BTCUSDT
2023-01-30,291.12113066851686,19.075574182272035,BTCUSDT
2023-02-06,-212.94300894019293,14.108570228691057,BTCUSDT
2023-02-13,70.61532912200352,16.372474496322216,BTCUSDT
2023-02-20,-126.61730002441196,22.98594994648692,BTCUSDT
2023-02-27,156.6092015993048,17.638687629352702,BTCUSDT
2023-03-06,32.757833686867244,9.669521046190592,BTCUSDT
2023-03-13,912.3000387262059,44.00522313276626,BTCUSDT
2023-03-20,211.77991541950547,34.562689842237994,BTCUSDT
2023-03-27,187.51913460557157,20.996881681758808,BTCUSDT
2023-04-03,-104.10479367076508,23.247342966469322,BTCUSDT
2023-04-10,152.59537659319645,15.300685854047682,BTCUSDT
2023-04-17,-46.75046487637169,13.816043197753539,BTCUSDT
2023-04-24,117.30732537830413,18.961653801447568,BTCUSDT
2023-05-01,-26.93191243885673,20.940524966675127,BTCUSDT
2023-05-08,-366.60202338007485,21.14438608920718,BTCUSDT
2023-05-15,46.155052596597024,15.035600837997132,BTCUSDT
2023-05-22,-50.09527779431866,10.785600496093704,BTCUSDT
2023-05-29,507.5482300056189,13.627602751690969,BTCUSDT
2023-06-05,-48.68180967101176,18.895474241062026,BTCUSDT
2023-06-12,-208.44983148699535,13.206471809802474,BTCUSDT
2023-06-19,3.1908589488383043,12.14008927461753,BTCUSDT
2023-06-26,-69.7982988905943,16.789053332587926,BTCUSDT
2023-07-03,44.77195516239707,12.498805179216129,BTCUSDT
2023-07-10,-59.838781464813806,13.280188739286766,BTCUSDT
2023-07-17,-24.22858048245824,12.492071316080187,BTCUSDT
2023-07-24,61.16085170166264,12.02736433968291,BTCUSDT
2023-07-31,-9.112690189011508,7.522941918206832,BTCUSDT
2023-08-07,-9.208830856455297,8.271790345702449,BTCUSDT
2023-08-14,-38.281220783371595,7.21960196650363,BTCUSDT
2023-08-21,52.22633974002022,10.315576520489575,BTCUSDT
2023-08-28,15.203928449389892,8.377717387213977,BTCUSDT
2023-09-04,64.43433861756942,8.692490268382251,BTCUSDT
2023-09-11,-27.261950272040593,15.161281733098242,BTCUSDT
2023-09-18,-27.90638198646778,15.614023336417533,BTCUSDT
2023-09-25,-125.27431989369676,11.126254671414976,BTCUSDT
2023-10-02,403.20211788939855,21.019611049421638,BTCUSDT
2023-10-09,-4.836542767576724,12.207498893067676,BTCUSDT
2023-10-16,108.98918675293467,25.902199540155536,BTCUSDT
2023-10-23,109.90567469403967,38.057803858746915,BTCUSDT
2023-10-30,184.2469994986895,15.273728873480625,BTCUSDT
2023-11-06,90.89835570750049,13.51478632718699,BTCUSDT
2023-11-13,-65.83599391458917,16.575991033464064,BTCUSDT
2023-11-20,204.376852574637,19.077385396728634,BTCUSDT
2023-11-27,-71.46454605699071,16.0987530103623,BTCUSDT
2023-12-04,339.95264289850223,26.013505957193562,BTCUSDT
2023-12-11,-87.28853622621102,32.0166358837051,BTCUSDT
2023-12-18,-139.25778411946644,21.733986753217106,BTCUSDT
2023-12-25,-224.4262667575547,13.539411269156256,BTCUSDT
2024-01-01,54.54290621518254,14.53775281270707,BTCUSDT
2024-01-08,-49.95833031379182,29.56451859920479,BTCUSDT
2024-01-15,-249.26456671939602,19.677363288822413,BTCUSDT
2024-01-22,-18.577634831865588,29.61218278128888,BTCUSDT
2024-01-29,50.352226381695786,17.22333297162595,BTCUSDT
2024-02-05,-143.22075311326788,15.144885797332266,BTCUSDT
2024-02-12,255.9292395973034,21.62993794720301,BTCUSDT
2024-02-19,4.4485521113357684,14.834607910456677,BTCUSDT
2024-02-26,192.05316274196082,18.24530512532605,BTCUSDT
2024-03-04,122.01686703750214,37.4171494996522,BTCUSDT
2024-03-11,122.45287170835395,30.110695298102037,BTCUSDT
2024-03-18,-157.0109804124642,30.30966140747619,BTCUSDT
2024-03-25,537.8291896364229,28.14912424558345,BTCUSDT
2024-04-01,211.5617918373891,20.358885278109145,BTCUSDT
2024-04-08,227.23921314182994,21.47626476315279,BTCUSDT
2024-04-15,-223.73194478586987,34.32460676877926,BTCUSDT
2024-04-22,178.15814396909158,21.271911645920703,BTCUSDT
2024-04-29,-102.46917453644144,19.944550269182926,BTCUSDT
2024-05-06,183.80755821262306,22.23472423117043,BTCUSDT
2024-05-13,108.68724820732645,19.970757764354627,BTCUSDT
2024-05-20,-110.08914039986273,22.52037037392814,BTCUSDT
2024-05-27,-7.494896471273993,14.621026927404008,BTCUSDT
2024-06-03,32.65448710547236,17.595526439667342,BTCUSDT
2024-06-10,36.35975840864391,10.242045531444596,BTCUSDT
2024-06-17,93.45482966077512,17.60359510698511,BTCUSDT
2024-06-24,-144.8174417353132,27.48662879630203,BTCUSDT
2024-07-01,387.95750760270977,15.394072160051174,BTCUSDT
2024-07-08,-134.78131823867366,36.19827389558243,BTCUSDT
2024-07-15,500.3205964649715,25.224109444610804,BTCUSDT
2024-07-22,227.84882316128073,18.389434112969145,BTCUSDT
2024-07-29,52.97482517276242,21.984888525577745,BTCUSDT
2024-08-05,-541.4178558063098,92.25309246493099,BTCUSDT
2024-08-12,-347.20109709955983,35.130236278222604,BTCUSDT
2024-08-19,-75.3780798640613,20.706545802872434,BTCUSDT
2024-08-26,27.48222795094124,17.89909343293017,BTCUSDT
2024-09-02,-310.45212509454245,20.018819234883743,BTCUSDT
2024-09-09,169.8186672599844,23.851478113745085,BTCUSDT
2024-09-16,-225.7786568716802,20.058793634054833,BTCUSDT
2024-09-23,59.55000332416249,19.480227104052663,BTCUSDT
2024-09-30,-26.58696660658766,18.747493092049403,BTCUSDT
2024-10-07,117.18567476423524,18.98998149249837,BTCUSDT
2024-10-14,54.240347138221345,20.275355126751002,BTCUSDT
2024-10-21,92.40971376526241,16.231963548798305,BTCUSDT
2024-10-28,199.70271085105296,17.43064176408117,BTCUSDT
2024-11-04,-108.2084451511245,20.751569184606748,BTCUSDT
2024-11-11,511.5782429928051,34.238173010960544,BTCUSDT
2024-11-18,-134.46335371554818,28.215632464807285,BTCUSDT
2024-11-25,-92.89821823804667,26.716124053518158,BTCUSDT
2024-12-02,-26.802916534650613,22.88790148127275,BTCUSDT
2024-12-09,139.98410660798433,30.344309066852595,BTCUSDT
2024-12-16,305.65257090118035,22.808629268902507,BTCUSDT
2024-12-23,-267.2536987007623,29.03656556681421,BTCUSDT
2024-12-30,-58.503358054555754,22.546987113260478,BTCUSDT
2025-01-06,20.42999796209477,18.74642850291841,BTCUSDT
2025-01-13,-18.408562357816738,31.417642411761804,BTCUSDT
2025-01-20,-263.0977003098545,56.06171298569883,BTCUSDT
2025-01-27,-214.3509405048283,34.26923610790005,BTCUSDT
2025-02-03,-462.20071578157774,43.501932142633144,BTCUSDT
2025-02-10,-1.2442892308839326,17.10843703790959,BTCUSDT
2025-02-17,-142.64736516432563,12.624790972959417,BTCUSDT
2025-02-24,6.673707670814544,20.53107736778372,BTCUSDT
2025-03-03,1180.3443580412677,40.78934167844805,BTCUSDT
2025-03-10,-699.216791438303,43.639468377398764,BTCUSDT
2025-03-17,-169.12790372169528,19.41090420755432,BTCUSDT
2025-03-24,235.94187587591796,17.78720882330395,BTCUSDT
2025-03-31,-240.1422222222216,21.548638791088205,BTCUSDT
2025-04-07,-654.1810901468015,50.76617275652266,BTCUSDT
2025-04-14,40.04422974522193,22.699157136661146,BTCUSDT
2025-04-21,85.98714042710398,17.98394177101783,BTCUSDT
2025-04-28,-94.72896374272844,15.407909173604757,BTCUSDT
2025-05-05,-269.4728580501582,13.026375878434004,BTCUSDT
2025-05-12,111.60853074675181,19.66195093247137,BTCUSDT
2025-05-19,291.83774908084547,19.00810786627494,BTCUSDT
2025-05-26,158.4885328391561,13.850711630527945,BTCUSDT
2025-06-02,157.5258279266678,13.83270893327661,BTCUSDT
2025-06-09,138.47593005684723,13.345359100749926,BTCUSDT
2025-06-16,-44.829853116915565,14.106757187547169,BTCUSDT
2025-06-23,-226.6090296860146,20.796038094492516,BTCUSDT
2025-06-30,122.91634735082991,9.617033749464786,BTCUSDT
2025-07-07,112.38807048618239,10.01220116633414,BTCUSDT
2025-07-14,131.17315469139302,17.140575211126208,BTCUSDT
2025-07-21,-54.24399707962713,14.81974331262048,BTCUSDT
2025-07-28,154.196314626458,12.36690893516839,BTCUSDT
2025-08-04,79.31202863780572,11.041308800022076,BTCUSDT
2025-08-11,226.94085578490285,16.892367021105073,BTCUSDT
2025-08-18,6.377855539867472,14.290631582956832,BTCUSDT
2025-08-25,-292.9859589152417,20.386116074610715,BTCUSDT
2025-09-01,-14.332478429758266,16.60443667793591,BTCUSDT
2025-09-08,41.90806440969253,11.023776833884513,BTCUSDT
2025-09-15,-65.32611319973847,11.645224688517052,BTCUSDT
2025-09-22,-34.56692702181962,14.002435160763389,BTCUSDT
2025-09-29,231.90540194046872,10.79624451653725,BTCUSDT
2025-10-06,103.76476712266047,15.25883131596958,BTCUSDT
2025-10-13,193.03217794336192,20.257559456593597,BTCUSDT
2025-10-20,209.9006624384425,17.982710776956306,BTCUSDT
2025-10-27,318.452625023995,14.379636186411132,BTCUSDT
2025-11-03,86.4197643562048,23.203457559184685,BTCUSDT
2025-11-10,132.10003823795668,18.238927476362317,BTCUSDT
2025-11-17,-33.5860485141215,26.819406185966038,BTCUSDT
2025-11-24,200.4298618871836,25.899918948897295,BTCUSDT
2025-12-01,-59.12222592813876,28.048897872811125,BTCUSDT
2025-12-08,118.92640273675204,20.39485396050436,BTCUSDT
2025-12-15,-234.38755459604167,20.722976631505567,BTCUSDT
2025-12-22,59.91979668812153,20.280685137132334,BTCUSDT
2025-12-29,66.51872005569714,16.814851327965318,BTCUSDT
2026-01-05,170.8654887286576,16.60292276843781,BTCUSDT
2026-01-12,39.10233488285897,16.843071977627748,BTCUSDT
2026-01-19,-196.89042132916668,13.445739020252052,BTCUSDT
2026-01-26,-326.7497992779578,17.75173851891771,BTCUSDT
2026-02-02,-864.8520288521478,36.47831778983957,BTCUSDT
2026-02-09,-34.39558897129436,32.24508224397758,BTCUSDT
2026-02-16,-2.804449920952301,20.67086918747129,BTCUSDT
2023-01-09,161.21403232163934,20.082881610916964,ETHUSDT
2023-01-16,703.6232633502282,26.3845588183929,ETHUSDT
2023-01-23,-184.0250351227335,21.504820449103356,ETHUSDT
2023-01-30,301.0192582204296,23.302084012145357,ETHUSDT
2023-02-06,-210.24793388429774,18.85818858727979,ETHUSDT
2023-02-13,11.43718473367139,24.612261385232213,ETHUSDT
2023-02-20,-83.17837008176232,20.10771086749894,ETHUSDT
2023-02-27,209.82023408769868,17.803518961589575,ETHUSDT
2023-03-06,-29.833620195066636,13.1413139745429,ETHUSDT
2023-03-13,1071.9419919916406,38.28562403495967,ETHUSDT
2023-03-20,-52.8080469404868,31.387365995186567,ETHUSDT
2023-03-27,137.25972399357244,20.57742718868995,ETHUSDT
2023-04-03,-150.41268760399572,21.302077256416855,ETHUSDT
2023-04-10,-28.01751900038507,14.417278920711745,ETHUSDT
2023-04-17,91.80562172462992,17.487355776894375,ETHUSDT
2023-04-24,72.99665048727589,21.709418327574987,ETHUSDT
2023-05-01,-115.39621483484197,18.415277638863717,ETHUSDT
2023-05-08,-620.2705686357157,23.287573187233914,ETHUSDT
2023-05-15,-44.288941051419116,15.861316708534234,ETHUSDT
2023-05-22,-38.91845341930322,9.928209164428576,ETHUSDT
2023-05-29,445.5965924644412,13.605459489654587,ETHUSDT
2023-06-05,-88.4161699269581,17.29274614897507,ETHUSDT
2023-06-12,-474.4013571413042,15.551214519027617,ETHUSDT
2023-06-19,18.57870030634423,12.571301178732035,ETHUSDT
2023-06-26,31.608770112268036,18.778241366861103,ETHUSDT
2023-07-03,23.84992653601703,15.992241098954,ETHUSDT
2023-07-10,-42.78372293261001,13.217548799788704,ETHUSDT
2023-07-17,-79.5765556416217,14.831448422751613,ETHUSDT
2023-07-24,-16.344277122771757,10.826995142003504,ETHUSDT
2023-07-31,-69.7624766479843,7.07247324013462,ETHUSDT
2023-08-07,0.38263284192208147,9.275211480205861,ETHUSDT
2023-08-14,-45.34533884547942,5.32912445632578,ETHUSDT
2023-08-21,142.48119621575793,12.279568784829086,ETHUSDT
2023-08-28,28.678953036702648,11.729837766849734,ETHUSDT
2023-09-04,40.22970856493613,8.97283516524901,ETHUSDT
2023-09-11,-117.57584650941011,18.551027785302928,ETHUSDT
2023-09-18,-117.5258611756247,14.87131001448946,ETHUSDT
2023-09-25,-77.07286432160787,11.143250989969557,ETHUSDT
2023-10-02,396.8773064668074,19.505163171723993,ETHUSDT
2023-10-09,-75.16967913007488,15.993955743142104,ETHUSDT
2023-10-16,36.22744648071663,17.867175565669932,ETHUSDT
2023-10-23,375.6987422639235,29.41876260136635,ETHUSDT
2023-10-30,86.51199370821816,17.443759691073794,ETHUSDT
2023-11-06,326.2073216633299,19.098012155661404,ETHUSDT
2023-11-13,-156.98949555581154,28.86468444380832,ETHUSDT
2023-11-20,265.0873936897069,23.017236366103656,ETHUSDT
2023-11-27,-88.30425090322169,19.65233884351929,ETHUSDT
2023-12-04,508.7440381558017,25.730152760304,ETHUSDT
2023-12-11,-30.324206424836575,32.997409750192496,ETHUSDT
2023-12-18,-108.24361790228055,21.89325063384824,ETHUSDT
2023-12-25,-263.85677819700805,16.25374358898785,ETHUSDT
2024-01-01,-72.54723829311915,15.560269456811836,ETHUSDT
2024-01-08,-209.49862258953235,26.651750364581325,ETHUSDT
2024-01-15,-196.8700475435814,19.57019304949503,ETHUSDT
2024-01-22,-141.02311992583606,28.304641449249043,ETHUSDT
2024-01-29,-50.81426328140126,16.618482761369787,ETHUSDT
2024-02-05,-85.57748553848832,14.56906291195142,ETHUSDT
2024-02-12,84.72973788497428,20.43882038279335,ETHUSDT
2024-02-19,284.8736648775874,23.609799911604092,ETHUSDT
2024-02-26,659.6598548686727,23.40601689240741,ETHUSDT
2024-03-04,164.5266366063036,32.383374260157986,ETHUSDT
2024-03-11,-7.954855551151052,29.82157925896067,ETHUSDT
2024-03-18,-263.4178905206941,35.49769795856567,ETHUSDT
2024-03-25,355.7480352693121,28.47134589873439,ETHUSDT
2024-04-01,389.47949823196825,23.73606806992929,ETHUSDT
2024-04-08,413.4770938208909,24.75649045035257,ETHUSDT
2024-04-15,-262.17193759517255,39.88927129599652,ETHUSDT
2024-04-22,297.9832202352317,23.180334591765575,ETHUSDT
2024-04-29,422.30345012684853,26.884700753861935,ETHUSDT
2024-05-06,108.64202308280113,23.87571933551006,ETHUSDT
2024-05-13,64.56248431489175,22.538632826540564,ETHUSDT
2024-05-20,-69.25328718604074,36.05523950510172,ETHUSDT
2024-05-27,265.4314199347141,23.43034131740995,ETHUSDT
2024-06-03,51.16625046490686,17.02623495664759,ETHUSDT
2024-06-10,71.26942723616914,12.51517210453472,ETHUSDT
2024-06-17,406.4381924332272,24.576465471504573,ETHUSDT
2024-06-24,-277.05817283220523,33.20711244500284,ETHUSDT
2024-07-01,171.7692259876813,15.469148312709276,ETHUSDT
2024-07-08,-168.3210179797445,44.21082262198749,ETHUSDT
2024-07-15,351.6851780926844,27.161567323051028,ETHUSDT
2024-07-22,90.06103026393264,20.52216669308261,ETHUSDT
2024-07-29,-13.596670801685473,23.61303312129607,ETHUSDT
2024-08-05,-1004.0370362931573,120.77352289326966,ETHUSDT
2024-08-12,-166.801401239558,43.27207764391976,ETHUSDT
2024-08-19,73.2771760311457,23.93295605149412,ETHUSDT
2024-08-26,-61.74068910575703,20.394052985695087,ETHUSDT
2024-09-02,-398.17330618905464,23.83329218335566,ETHUSDT
2024-09-09,325.80101180438305,27.90709348461566,ETHUSDT
2024-09-16,-508.1284141800235,24.69075778966636,ETHUSDT
2024-09-23,74.81890778452626,27.465228356322925,ETHUSDT
2024-09-30,-136.93187936034136,23.47240064966673,ETHUSDT
2024-10-07,105.86899592269549,24.266087408595048,ETHUSDT
2024-10-14,119.74181695905139,23.499868478611415,ETHUSDT
2024-10-21,399.64718085388375,18.963960722262673,ETHUSDT
2024-10-28,277.351916376305,22.941365500220723,ETHUSDT
2024-11-04,-216.65120390537584,24.346240781711728,ETHUSDT
2024-11-11,749.0722623304769,43.131263264194544,ETHUSDT
2024-11-18,-44.4083628742209,33.49202583020059,ETHUSDT
2024-11-25,98.96441664740018,43.54354834319856,ETHUSDT
2024-12-02,323.9958937151033,32.351194719898345,ETHUSDT
2024-12-09,14.466284063852086,42.79644245036628,ETHUSDT
2024-12-16,139.01367100012553,30.047416545908845,ETHUSDT
2024-12-23,-546.5798777694208,41.36545454283812,ETHUSDT
2024-12-30,69.78628887021276,27.49353885915856,ETHUSDT
2025-01-06,72.71659096640404,22.817442362807547,ETHUSDT
2025-01-13,1.5924152038904182,42.962818674579374,ETHUSDT
2025-01-20,-745.4310387026353,62.75006379083488,ETHUSDT
2025-01-27,-235.7858975792737,42.98924139791766,ETHUSDT
2025-02-03,-1306.0081466395113,98.17542674931954,ETHUSDT
2025-02-10,21.75182314622992,29.653837891640535,ETHUSDT
2025-02-17,-236.4583371568474,31.346155412413005,ETHUSDT
2025-02-24,585.1439210798959,40.18105110222967,ETHUSDT
2025-03-03,1261.6761834921465,53.389082970064585,ETHUSDT
2025-03-10,-566.5912955730379,60.248148763836134,ETHUSDT
2025-03-17,-130.0624928033822,23.608357995146882,ETHUSDT
2025-03-24,203.1469456714241,24.320941666126863,ETHUSDT
2025-03-31,-469.35901560662296,31.899212523277974,ETHUSDT
2025-04-07,-1300.0936071802205,76.59328618555818,ETHUSDT
2025-04-14,198.55538028241025,37.53589554471172,ETHUSDT
2025-04-21,-6.298379426973311,27.508626922537264,ETHUSDT
2025-04-28,37.39522888458913,28.909139240059623,ETHUSDT
2025-05-05,-183.3527041265215,20.543630701063023,ETHUSDT
2025-05-12,720.8540548840303,45.064670229302834,ETHUSDT
2025-05-19,-152.18797324583423,41.83037777708606,ETHUSDT
2025-05-26,98.42737912357791,21.693711835114154,ETHUSDT
2025-06-02,32.13299026524341,26.016440349700463,ETHUSDT
2025-06-09,133.44753608901306,22.84062670314217,ETHUSDT
2025-06-16,-123.3456937613442,29.3322985747363,ETHUSDT
2025-06-23,-742.3406493349916,40.433905758468285,ETHUSDT
2025-06-30,318.60913508581444,22.78654713817552,ETHUSDT
2025-07-07,247.83300690486067,20.830933340653814,ETHUSDT
2025-07-14,45.51695219029206,28.867542051623804,ETHUSDT
2025-07-21,592.5817337103445,31.609220490223006,ETHUSDT
2025-07-28,396.1177348442968,28.476636229541278,ETHUSDT
2025-08-04,24.062798454702605,25.431590093169184,ETHUSDT
2025-08-11,599.455244765712,32.75027868147902,ETHUSDT
2025-08-18,75.72667179023496,37.877246604582275,ETHUSDT
2025-08-25,-108.67990446268627,39.52049787381614,ETHUSDT
2025-09-01,70.01750437609422,29.30552202560405,ETHUSDT
2025-09-08,-5.503475084583931,19.748549692318765,ETHUSDT
2025-09-15,-226.71543911122583,21.769943525114275,ETHUSDT
2025-09-22,-55.35125553120746,28.407810515018546,ETHUSDT
2025-09-29,272.5271671021834,20.030949378439523,ETHUSDT
2025-10-06,2.3055061694465806,23.239121811553446,ETHUSDT
2025-10-13,853.947805438089,37.19329663473762,ETHUSDT
2025-10-20,394.5032220330647,25.863940079594524,ETHUSDT
2025-10-27,569.9890181404044,26.44137954373211,ETHUSDT
2025-11-03,154.32419782619888,37.31921216604181,ETHUSDT
2025-11-10,427.5577322319246,29.07547028335575,ETHUSDT
2025-11-17,-54.298904377346744,42.44653177580084,ETHUSDT
2025-11-24,129.48261207660573,37.50254119552154,ETHUSDT
2025-12-01,-132.06276694766927,36.666057297526486,ETHUSDT
2025-12-08,125.01986544471988,30.739388060090462,ETHUSDT
2025-12-15,-69.34218976018869,31.553211055886248,ETHUSDT
2025-12-22,78.04497996823257,27.07719615530234,ETHUSDT
2025-12-29,79.00114127946223,23.45414077642651,ETHUSDT
2026-01-05,62.45858237265756,24.037501212860978,ETHUSDT
2026-01-12,112.1480795208285,22.393416807919337,ETHUSDT
2026-01-19,-37.51582129599584,19.264672516993734,ETHUSDT
2026-01-26,-471.03497057300547,26.7925636560113,ETHUSDT
2026-02-02,-1613.1428677027704,58.69663848194716,ETHUSDT
2026-02-09,127.1911746878418,40.39011399383858,ETHUSDT
2026-02-16,-402.07655717369397,29.12030946096364,ETHUSDT
2023-01-09,719.3177604746027,89.84636015560679,SOLUSDT
2023-01-16,2527.352297592995,71.82888050970628,SOLUSDT
2023-01-23,-517.2413793103448,46.48548264668557,SOLUSDT
2023-01-30,670.8938433217427,47.44348487543883,SOLUSDT
2023-02-06,-498.17739975698714,31.708607669267288,SOLUSDT
2023-02-13,699.5270102066198,45.422775063190926,SOLUSDT
2023-02-20,729.7063903281531,55.84156759106483,SOLUSDT
2023-02-27,79.78146815245336,30.398633494993955,SOLUSDT
2023-03-06,-206.48416331869535,26.10407435054658,SOLUSDT
2023-03-13,1119.2468619246854,60.659295503174704,SOLUSDT
2023-03-20,126.38303782232185,75.12507423658067,SOLUSDT
2023-03-27,136.01161665053095,31.837371502459884,SOLUSDT
2023-04-03,-307.1253071253077,31.436742499581264,SOLUSDT
2023-04-10,-82.17168011738774,15.566299674515095,SOLUSDT
2023-04-17,256.4102564102555,41.188858071187774,SOLUSDT
2023-04-24,104.46567220365965,31.85741157430585,SOLUSDT
2023-05-01,-259.70686551812673,28.26356921896616,SOLUSDT
2023-05-08,-505.0859347597336,38.15097074119074,SOLUSDT
2023-05-15,10.528330781010009,21.421486450303096,SOLUSDT
2023-05-22,-365.1643976999075,18.585304782288077,SOLUSDT
2023-05-29,747.9582342603109,18.81961645586712,SOLUSDT
2023-06-05,267.8151181398869,35.25428200938134,SOLUSDT
2023-06-12,-1063.9521509086735,48.17805880750492,SOLUSDT
2023-06-19,81.66198471287744,23.74564727746551,SOLUSDT
2023-06-26,-107.97245243375664,34.10365409662083,SOLUSDT
2023-07-03,319.80906921240893,31.923187686215734,SOLUSDT
2023-07-10,-74.03958090803408,41.25890957148769,SOLUSDT
2023-07-17,270.5031658611512,54.92693426453966,SOLUSDT
2023-07-24,-293.4484111416236,35.47728226431573,SOLUSDT
2023-07-31,-224.99999999999966,26.031111421178803,SOLUSDT
2023-08-07,175.0307071416035,24.88614029136264,SOLUSDT
2023-08-14,-159.25895831640503,19.73461026493048,SOLUSDT
2023-08-21,202.10072212323072,29.015943119922913,SOLUSDT
2023-08-28,181.80927178280905,22.711876677721424,SOLUSDT
2023-09-04,122.14056515888583,23.221782183296696,SOLUSDT
2023-09-11,-705.1020408163278,42.12798911086305,SOLUSDT
2023-09-18,-173.52218679767995,33.25185591633629,SOLUSDT
2023-09-25,-34.504068390153186,18.752857153497956,SOLUSDT
2023-10-02,1781.9240831235495,46.77693973140151,SOLUSDT
2023-10-09,-81.65184678522563,29.38775570734195,SOLUSDT
2023-10-16,44.448517619026795,39.279184693129054,SOLUSDT
2023-10-23,754.4723878662185,66.35697036121968,SOLUSDT
2023-10-30,342.7851291745454,39.83898676964332,SOLUSDT
2023-11-06,428.73784440842667,43.26517312394475,SOLUSDT
2023-11-13,-79.42937654103588,94.31969678624887,SOLUSDT
2023-11-20,442.7546138072436,53.77121077839557,SOLUSDT
2023-11-27,126.04377252351196,39.23118185926947,SOLUSDT
2023-12-04,538.2763118290356,47.070309364185945,SOLUSDT
2023-12-11,-8.134092515300617,77.76054408219542,SOLUSDT
2023-12-18,-230.7543946657842,53.87258184455201,SOLUSDT
2023-12-25,1492.316483337075,71.75388061686863,SOLUSDT
2024-01-01,-418.2309161562281,43.732115406229276,SOLUSDT
2024-01-08,-1053.0738832474606,68.48641152187908,SOLUSDT
2024-01-15,192.4559860110997,38.419017302562104,SOLUSDT
2024-01-22,-267.31911620154756,57.8496734083125,SOLUSDT
2024-01-29,402.62344842538766,40.5960652055118,SOLUSDT
2024-02-05,-509.5433703663177,30.035267040413707,SOLUSDT
2024-02-12,55.912410124072665,37.56545986994549,SOLUSDT
2024-02-19,172.9774767023784,32.930106563550936,SOLUSDT
2024-02-26,363.2835552176994,36.229190720858064,SOLUSDT
2024-03-04,70.22395958066419,54.833444986031296,SOLUSDT
2024-03-11,-19.67471143756505,48.48928644699888,SOLUSDT
2024-03-18,962.0396108408613,66.87970490356605,SOLUSDT
2024-03-25,505.58397661352836,43.25852369281373,SOLUSDT
2024-04-01,546.8384196780662,41.94788943923569,SOLUSDT
2024-04-08,305.01089324618926,31.515932832536084,SOLUSDT
2024-04-15,-134.4384258957121,68.33545701149491,SOLUSDT
2024-04-22,443.6644436644444,41.620685274258776,SOLUSDT
2024-04-29,-89.09326052593869,40.302578845242266,SOLUSDT
2024-05-06,146.24973883975213,42.87994500304652,SOLUSDT
2024-05-13,-177.4458755823516,40.431213503514385,SOLUSDT
2024-05-20,30.11336797354769,44.46462714399744,SOLUSDT
2024-05-27,-246.8988549618334,31.19625224536189,SOLUSDT
2024-06-03,-149.04658460053065,23.959188482399256,SOLUSDT
2024-06-10,-26.458282057593152,23.73038408028371,SOLUSDT
2024-06-17,578.6049114951353,38.13492595727267,SOLUSDT
2024-06-24,-442.11621340466746,52.47740839597735,SOLUSDT
2024-07-01,467.8571428571443,28.74761426153437,SOLUSDT
2024-07-08,-194.48584202682474,61.60032032034577,SOLUSDT
2024-07-15,586.8426716407216,33.52510669990075,SOLUSDT
2024-07-22,910.8114502010878,35.156993892503664,SOLUSDT
2024-07-29,99.4481175892048,34.04527330147267,SOLUSDT
2024-08-05,-943.7422228043746,164.33806087286086,SOLUSDT
2024-08-12,-940.5211601254881,51.82572178572193,SOLUSDT
2024-08-19,244.74517708033437,31.85477051932658,SOLUSDT
2024-08-26,368.09815950920256,33.883543525523116,SOLUSDT
2024-09-02,-693.8805104408352,38.80865078541593,SOLUSDT
2024-09-09,409.79670241716,34.34033912919202,SOLUSDT
2024-09-16,-550.6370114446124,26.716459792539318,SOLUSDT
2024-09-23,-139.78861234231198,32.42416475541133,SOLUSDT
2024-09-30,51.40246224139888,30.19390476491812,SOLUSDT
2024-10-07,227.05044012854447,32.090256427720135,SOLUSDT
2024-10-14,147.76632302405446,28.460145934862915,SOLUSDT
2024-10-21,811.002776522245,33.25189053368649,SOLUSDT
2024-10-28,712.4218702591189,31.878585796622954,SOLUSDT
2024-11-04,-216.8413444163364,32.58922643846022,SOLUSDT
2024-11-11,513.9486051394871,54.49645988105261,SOLUSDT
2024-11-18,865.1515844345892,48.10206435502306,SOLUSDT
2024-11-25,-165.64274049304052,43.50706356446182,SOLUSDT
2024-12-02,-264.45466491458626,41.59501434655669,SOLUSDT
2024-12-09,5.482918599746256,51.72160052728957,SOLUSDT
2024-12-16,-22.692889561272132,33.40651361069433,SOLUSDT
2024-12-23,-716.2704538437803,53.26222042171498,SOLUSDT
2024-12-30,308.9872386641335,37.717676334778986,SOLUSDT
2025-01-06,-210.63741911798496,27.01544328847874,SOLUSDT
2025-01-13,43.710021321961,47.934118151576875,SOLUSDT
2025-01-20,1513.895216400911,111.11681855026573,SOLUSDT
2025-01-27,-507.8788357489839,64.69708330342934,SOLUSDT
2025-02-03,-1217.9957687491906,104.46958841676245,SOLUSDT
2025-02-10,441.53677735494944,41.25021066683021,SOLUSDT
2025-02-17,-562.3839863542868,36.950706851778286,SOLUSDT
2025-02-24,-90.88226615520779,63.42930890351727,SOLUSDT
2025-03-03,2069.547602970967,79.41947751419234,SOLUSDT
2025-03-10,-926.5771908418874,64.24046207458026,SOLUSDT
2025-03-17,-557.4704031170396,33.65651336514597,SOLUSDT
2025-03-24,339.53741920411227,35.445572795050715,SOLUSDT
2025-03-31,-360.123647604329,39.18678508269869,SOLUSDT
2025-04-07,-1378.4114052953155,88.24154004391795,SOLUSDT
2025-04-14,572.7235269880526,48.55937000439611,SOLUSDT
2025-04-21,283.645592296784,33.88165485187026,SOLUSDT
2025-04-28,-189.0923566878977,32.56763765769541,SOLUSDT
2025-05-05,-277.13938083006593,24.36271850435632,SOLUSDT
2025-05-12,23.732345450335757,47.02951316507641,SOLUSDT
2025-05-19,353.770766104935,39.96023434641042,SOLUSDT
2025-05-26,97.13201908155611,24.700388642467956,SOLUSDT
2025-06-02,96.73906079825656,31.08806968844797,SOLUSDT
2025-06-09,314.7421145255169,27.10714395751714,SOLUSDT
2025-06-16,294.21665656769625,32.22319488585494,SOLUSDT
2025-06-23,-596.4285714285711,41.432457064768606,SOLUSDT
2025-06-30,786.4535661479954,30.10613193972808,SOLUSDT
2025-07-07,283.21702012331417,24.026141601525428,SOLUSDT
2025-07-14,-109.32317897064281,31.040609785653448,SOLUSDT
2025-07-21,238.08180535966227,41.710823589360785,SOLUSDT
2025-07-28,102.82225673432288,36.46056771788274,SOLUSDT
2025-08-04,-45.50485795105197,28.36119230430071,SOLUSDT
2025-08-11,335.57806575745366,31.90086119882366,SOLUSDT
2025-08-18,286.6379310344813,32.87766959322243,SOLUSDT
2025-08-25,269.1253426364315,49.433168226231004,SOLUSDT
2025-09-01,-218.0594175325623,35.496762521575675,SOLUSDT
2025-09-08,145.09148140861683,27.919479948075306,SOLUSDT
2025-09-15,-102.44547257105219,31.921577758131257,SOLUSDT
2025-09-22,-99.81546720348899,34.99622130136731,SOLUSDT
2025-09-29,278.07590984486376,26.68400893580712,SOLUSDT
2025-10-06,-182.1931935372989,29.373403146373864,SOLUSDT
2025-10-13,471.22646526965184,48.64459986172239,SOLUSDT
2025-10-20,327.1927412702791,31.90902343193822,SOLUSDT
2025-10-27,334.9183378126952,28.546933305242842,SOLUSDT
2025-11-03,30.999465526457826,44.79000115436092,SOLUSDT
2025-11-10,168.79985160452637,35.603459380775895,SOLUSDT
2025-11-17,-121.73161420442446,46.16394636562039,SOLUSDT
2025-11-24,146.95591322603008,39.89066968974212,SOLUSDT
2025-12-01,-284.1323036572907,37.63106594857825,SOLUSDT
2025-12-08,-80.31224198754016,33.31766924217725,SOLUSDT
2025-12-15,-217.095310136155,33.71143209615118,SOLUSDT
2025-12-22,-19.80982567353462,28.848991690217254,SOLUSDT
2025-12-29,246.27720504009298,27.16348203976616,SOLUSDT
2026-01-05,136.1161524500898,28.268469730424687,SOLUSDT
2026-01-12,272.2389816790538,30.34347350116489,SOLUSDT
2026-01-19,-486.6767913847858,21.883361863510814,SOLUSDT
2026-01-26,-671.4308151405679,27.12773959181402,SOLUSDT
2026-02-02,-1428.5714285714291,53.23788586146074,SOLUSDT
2026-02-09,-57.20169317011803,40.830547583788515,SOLUSDT
2026-02-16,213.57380161366902,33.39009148207152,SOLUSDT
2023-01-09,171.34171618073734,42.26535106688039,DOGEUSDT
2023-01-16,194.05987457105755,36.63610617074342,DOGEUSDT
2023-01-23,234.2572190652903,37.550658052389096,DOGEUSDT
2023-01-30,335.893614582139,38.261100880866955,DOGEUSDT
2023-02-06,-100.03226847370095,25.404643043422013,DOGEUSDT
2023-02-13,154.58817709621542,35.75129208751591,DOGEUSDT
2023-02-20,-85.47008547008517,20.769020687330165,DOGEUSDT
2023-02-27,153.29459760168083,16.64712910846717,DOGEUSDT
2023-03-06,-270.8333333333335,18.463401832008188,DOGEUSDT
2023-03-13,732.115677321159,37.23597206001596,DOGEUSDT
2023-03-20,-253.7938252223959,39.48623223385294,DOGEUSDT
2023-03-27,-30.855916286556262,28.550640996935865,DOGEUSDT
2023-04-03,271.6049382716035,88.04252754886767,DOGEUSDT
2023-04-10,110.69212991120293,20.692936605873925,DOGEUSDT
2023-04-17,201.8265869883873,44.457212650097034,DOGEUSDT
2023-04-24,44.64855211123941,23.607571617114015,DOGEUSDT
2023-05-01,-100.92200348866042,19.234228661885478,DOGEUSDT
2023-05-08,-455.45295732468236,27.180270250600714,DOGEUSDT
2023-05-15,-56.69247787610576,17.133359943622978,DOGEUSDT
2023-05-22,-189.27015250544744,16.658897084465117,DOGEUSDT
2023-05-29,357.99859055672954,13.25452835716278,DOGEUSDT
2023-06-05,-13.781697905181911,25.33526922055469,DOGEUSDT
2023-06-12,-1149.0280777537798,23.54433625465915,DOGEUSDT
2023-06-19,-12.87415513356982,13.95979378067997,DOGEUSDT
2023-06-26,-224.3730752309725,23.07348605058394,DOGEUSDT
2023-07-03,236.30343166767042,21.21242557447504,DOGEUSDT
2023-07-10,-4.589963280293707,19.961120998682745,DOGEUSDT
2023-07-17,148.99211218229792,33.93464777553435,DOGEUSDT
2023-07-24,-193.98907103825192,56.68775159749634,DOGEUSDT
2023-07-31,108.87880751782264,21.83771992652182,DOGEUSDT
2023-08-07,114.41024244075226,21.778986460232836,DOGEUSDT
2023-08-14,-128.08662353096744,16.743057634939177,DOGEUSDT
2023-08-21,93.35443037974622,21.15474415899814,DOGEUSDT
2023-08-28,9.511731135067869,14.479093742914252,DOGEUSDT
2023-09-04,-111.21553884711588,14.4647603299964,DOGEUSDT
2023-09-11,-377.00282752120563,23.294198496337042,DOGEUSDT
2023-09-18,-166.5065642010888,15.442247728834714,DOGEUSDT
2023-09-25,-138.2338591640919,9.548259394849755,DOGEUSDT
2023-10-02,172.30273752012914,17.246838357138913,DOGEUSDT
2023-10-09,-70.08964955175223,14.78707140039724,DOGEUSDT
2023-10-16,159.35572309801137,15.463014217152327,DOGEUSDT
2023-10-23,300.6012024048088,40.42869683955963,DOGEUSDT
2023-10-30,236.05783416936976,23.226992657841848,DOGEUSDT
2023-11-06,441.8024365184214,41.75368928933776,DOGEUSDT
2023-11-13,340.5777895573814,45.31344981893008,DOGEUSDT
2023-11-20,-689.1766882516192,36.8952269386037,DOGEUSDT
2023-11-27,62.67587618316695,37.23660341784583,DOGEUSDT
2023-12-04,230.11803982353695,44.61239237275172,DOGEUSDT
2023-12-11,23.58722358722476,71.04035677456687,DOGEUSDT
2023-12-18,-7.521220586654831,33.363490624629605,DOGEUSDT
2023-12-25,-343.04956329580085,22.636373355063643,DOGEUSDT
2024-01-01,-158.15485996705237,15.123712271135474,DOGEUSDT
2024-01-08,-538.2196419932284,37.466446491851094,DOGEUSDT
2024-01-15,-4.993757802745913,19.828228913305058,DOGEUSDT
2024-01-22,875.20671670271,44.2753615350804,DOGEUSDT
2024-01-29,-134.03482400100253,31.244896089689664,DOGEUSDT
2024-02-05,-128.657921291625,16.913887118082666,DOGEUSDT
2024-02-12,-40.46597179644395,18.64799697846307,DOGEUSDT
2024-02-19,-83.7306663565529,28.707652315734954,DOGEUSDT
2024-02-26,189.12529550827452,23.494149017757184,DOGEUSDT
2024-03-04,1019.6331327027818,131.86922643177223,DOGEUSDT
2024-03-11,332.8272092317053,62.48119971811069,DOGEUSDT
2024-03-18,-566.5220314123331,55.005075115338485,DOGEUSDT
2024-03-25,1538.6123088984705,54.84414223381658,DOGEUSDT
2024-04-01,328.6296938727662,66.46293631837797,DOGEUSDT
2024-04-08,1221.7398658172174,44.208057287272126,DOGEUSDT
2024-04-15,-689.080459770115,82.10566428431267,DOGEUSDT
2024-04-22,119.03238192755738,38.271776177525105,DOGEUSDT
2024-04-29,-85.20998174071926,36.72245512578376,DOGEUSDT
2024-05-06,1022.8129067616632,47.4211272080759,DOGEUSDT
2024-05-13,-187.0913896230353,51.88993407327752,DOGEUSDT
2024-05-20,-424.2735921830798,37.91282250571895,DOGEUSDT
2024-05-27,149.5543889634976,32.373700719559295,DOGEUSDT
2024-06-03,-119.44426981831846,26.087572374526495,DOGEUSDT
2024-06-10,-95.14170040485826,21.96661675533899,DOGEUSDT
2024-06-17,160.09487103468612,37.145177941425864,DOGEUSDT
2024-06-24,-161.13438607798793,43.36671630817117,DOGEUSDT
2024-07-01,116.25071132428167,21.872886993384203,DOGEUSDT
2024-07-08,-119.6013289036546,57.291067052572366,DOGEUSDT
2024-07-15,711.9620782600622,35.89821805501084,DOGEUSDT
2024-07-22,1183.6018503748624,49.3490598118458,DOGEUSDT
2024-07-29,-313.80441264162175,32.3899828538159,DOGEUSDT
2024-08-05,-697.0485332376419,126.84355223923532,DOGEUSDT
2024-08-12,-314.12603584505706,45.912596068654906,DOGEUSDT
2024-08-19,-28.919026725169328,25.668073468083897,DOGEUSDT
2024-08-26,-299.37998228520723,29.30020262786509,DOGEUSDT
2024-09-02,-658.6061142239264,28.55615195745004,DOGEUSDT
2024-09-09,394.8080043266633,31.28811646739706,DOGEUSDT
2024-09-16,-387.31406118439617,25.2595983995936,DOGEUSDT
2024-09-23,73.93364928909962,28.904138830446684,DOGEUSDT
2024-09-30,71.27814676818556,37.516798249635706,DOGEUSDT
2024-10-07,212.49313061000308,35.43500641656146,DOGEUSDT
2024-10-14,55.08895511604717,30.08627276724845,DOGEUSDT
2024-10-21,364.5909289776861,50.45113622977767,DOGEUSDT
2024-10-28,971.3242564843694,59.133867640837494,DOGEUSDT
2024-11-04,-488.4641981517568,60.60186184367554,DOGEUSDT
2024-11-11,3756.5561603166752,130.7735610276985,DOGEUSDT
2024-11-18,-380.6382366030525,63.879312293031475,DOGEUSDT
2024-11-25,422.766982068099,68.16282637002308,DOGEUSDT
2024-12-02,334.6613545816712,76.33287045927845,DOGEUSDT
2024-12-09,730.1434087148384,77.84433717819337,DOGEUSDT
2024-12-16,-59.39577630035164,33.81604377476536,DOGEUSDT
2024-12-23,-165.8536585365855,60.26547017529029,DOGEUSDT
2024-12-30,80.20017964840198,39.717022613737946,DOGEUSDT
2025-01-06,63.1844987363106,34.50874562702656,DOGEUSDT
2025-01-13,62.63110578363707,51.42429779565602,DOGEUSDT
2025-01-20,-1373.2809903422371,93.63946529124162,DOGEUSDT
2025-01-27,-424.30636744703264,60.85010903324787,DOGEUSDT
2025-02-03,-1853.2712838762654,133.07027357812504,DOGEUSDT
2025-02-10,95.39273391516056,39.515113016798026,DOGEUSDT
2025-02-17,-227.89190781238423,37.32943122455888,DOGEUSDT
2025-02-24,143.25690180846175,54.14664899626455,DOGEUSDT
2025-03-03,1860.0961776808279,65.11459824925358,DOGEUSDT
2025-03-10,-1529.6550332862623,73.23265480824587,DOGEUSDT
2025-03-17,-222.26101122941654,34.04639551339893,DOGEUSDT
2025-03-24,320.63169228928376,33.99005240248439,DOGEUSDT
2025-03-31,-761.159227181879,46.38403878637718,DOGEUSDT
2025-04-07,-1287.4583795782469,88.58513297002331,DOGEUSDT
2025-04-14,161.95597798899232,40.271921497114455,DOGEUSDT
2025-04-21,-147.94590132706787,31.67450530242294,DOGEUSDT
2025-04-28,-125.60599382987925,34.60041561019314,DOGEUSDT
2025-05-05,-606.9125186042656,26.870925132828845,DOGEUSDT
2025-05-12,1292.2717084104863,75.2565038156089,DOGEUSDT
2025-05-19,543.0355688297573,46.47660209257609,DOGEUSDT
2025-05-26,-11.10716189799188,29.864127389740972,DOGEUSDT
2025-06-02,3.101416313449068,33.464897743393315,DOGEUSDT
2025-06-09,301.6734762411155,31.01193538124459,DOGEUSDT
2025-06-16,-268.4414864115359,28.389342250287907,DOGEUSDT
2025-06-23,-681.6640986132517,39.96719411330466,DOGEUSDT
2025-06-30,522.5225225225216,25.70040095288494,DOGEUSDT
2025-07-07,557.8080845312705,28.7191091221801,DOGEUSDT
2025-07-14,-130.8002188292634,45.96105606364359,DOGEUSDT
2025-07-21,1611.0569381438934,66.72456482900107,DOGEUSDT
2025-07-28,168.13822821173608,45.95365238313363,DOGEUSDT
2025-08-04,-108.05158591843833,31.915892058226202,DOGEUSDT
2025-08-11,150.65341032431735,41.90776547460441,DOGEUSDT
2025-08-18,247.83634933123412,37.08585032643082,DOGEUSDT
2025-08-25,-361.76140380057456,44.797745086861035,DOGEUSDT
2025-09-01,-11.690437222352523,38.030353005038336,DOGEUSDT
2025-09-08,500.9412737040253,35.38089072154531,DOGEUSDT
2025-09-15,85.29945553538809,43.33716962024143,DOGEUSDT
2025-09-22,-170.8531341932551,40.74950334731343,DOGEUSDT
2025-09-29,211.3555163359293,26.822439390645396,DOGEUSDT
2025-10-06,-208.4624922504652,36.033371665392686,DOGEUSDT
2025-10-13,683.6945304437569,52.68025767547714,DOGEUSDT
2025-10-20,575.2979414951253,31.275586268629574,DOGEUSDT
2025-10-27,407.7709197612056,28.447880250266433,DOGEUSDT
2025-11-03,-3.2200933827086775,46.92168271152207,DOGEUSDT
2025-11-10,28.539451594853382,37.551451649223964,DOGEUSDT
2025-11-17,60.944641950229084,43.50997127520844,DOGEUSDT
2025-11-24,336.68592624295667,38.97695453576441,DOGEUSDT
2025-12-01,-279.85074626865503,36.221829438409905,DOGEUSDT
2025-12-08,-63.09600630960199,28.057825517014127,DOGEUSDT
2025-12-15,-208.2876562157432,30.057279902823407,DOGEUSDT
2025-12-22,-83.23244552058017,30.380911046526094,DOGEUSDT
2025-12-29,150.7825944439878,23.31166054382912,DOGEUSDT
2026-01-05,535.8527814989777,37.55802870535129,DOGEUSDT
2026-01-12,-193.38784216139325,31.077099857926296,DOGEUSDT
2026-01-19,-471.56827236508605,27.827964546193385,DOGEUSDT
2026-01-26,-425.0541342529468,24.990036190412773,DOGEUSDT
2026-02-02,-994.5562948241604,52.163218348097466,DOGEUSDT
2026-02-09,-189.98272884283242,33.62617790188917,DOGEUSDT
2026-02-16,622.1532091097304,36.11195271407368,DOGEUSDT
2023-01-09,20.337013364322143,30.923645861426834,XRPUSDT
2023-01-16,-25.933609958506132,34.79496470441504,XRPUSDT
2023-01-23,-300.4603828446817,43.66819343188833,XRPUSDT
2023-01-30,12.109469605230405,28.410231280097605,XRPUSDT
2023-02-06,-320.62181199902784,20.42263486758119,XRPUSDT
2023-02-13,-186.00995546240506,25.9639753448181,XRPUSDT
2023-02-20,-227.8481012658229,27.534622470340864,XRPUSDT
2023-02-27,-10.576414595451222,18.113605241396158,XRPUSDT
2023-03-06,-278.44073190135265,21.14872360254464,XRPUSDT
2023-03-13,35.14463368477827,35.48877377326707,XRPUSDT
2023-03-20,163.24381253291165,30.2636043552602,XRPUSDT
2023-03-27,516.7958656330751,53.11574929200076,XRPUSDT
2023-04-03,-364.5833333333326,37.56398521048844,XRPUSDT
2023-04-10,-142.4390243902429,15.16262045016778,XRPUSDT
2023-04-17,-32.52343600535723,17.07017543675086,XRPUSDT
2023-04-24,352.12837084912076,31.54394423573178,XRPUSDT
2023-05-01,-189.8206090947019,18.450384443500035,XRPUSDT
2023-05-08,-389.9721448467963,29.395235892886344,XRPUSDT
2023-05-15,-118.57707509881354,17.34406015443093,XRPUSDT
2023-05-22,-211.94605009633995,20.72739605354907,XRPUSDT
2023-05-29,296.9450972014509,23.624447908909623,XRPUSDT
2023-06-05,219.46564885496178,39.61195601445881,XRPUSDT
2023-06-12,-318.080357142857,28.71947934250831,XRPUSDT
2023-06-19,237.69457299116505,21.873687231026977,XRPUSDT
2023-06-26,-118.9755999193387,22.36119328731243,XRPUSDT
2023-07-03,238.85013739167073,22.439904093213787,XRPUSDT
2023-07-10,-6.406149903906977,17.14293341270703,XRPUSDT
2023-07-17,395.4880935802829,48.52802927548682,XRPUSDT
2023-07-24,-429.4239750908146,36.473484258119264,XRPUSDT
2023-07-31,-95.58616811920162,22.822091696694464,XRPUSDT
2023-08-07,-182.53343823760758,27.672728533415345,XRPUSDT
2023-08-14,-98.16339455351653,13.90483122794456,XRPUSDT
2023-08-21,640.5693950177938,31.350936491025866,XRPUSDT
2023-08-28,-39.9695470118,17.25020957557142,XRPUSDT
2023-09-04,138.66559485530505,18.29380679510706,XRPUSDT
2023-09-11,-158.54141894570128,27.58392364004528,XRPUSDT
2023-09-18,-157.93682526989096,20.31903837556942,XRPUSDT
2023-09-25,-197.30416096893967,18.030343602492195,XRPUSDT
2023-10-02,53.732488965649864,19.80859884083341,XRPUSDT
2023-10-09,-146.69460849685677,20.039994941966516,XRPUSDT
2023-10-16,45.37953795379579,18.30282410200443,XRPUSDT
2023-10-23,151.60349854227428,32.97474719806102,XRPUSDT
2023-10-30,243.04916221690175,26.077958483639595,XRPUSDT
2023-11-06,796.8647942521212,50.73380309783582,XRPUSDT
2023-11-13,25.757575757574536,51.4112743896572,XRPUSDT
2023-11-20,210.26894865525446,23.669219309512957,XRPUSDT
2023-11-27,-85.29127775989687,22.174244808567728,XRPUSDT
2023-12-04,174.57986620982302,31.448501765402916,XRPUSDT
2023-12-11,-154.5549115767586,40.6877798655174,XRPUSDT
2023-12-18,-89.27122220418693,24.525898349142594,XRPUSDT
2023-12-25,-193.6619718309862,26.107314044592517,XRPUSDT
2024-01-01,-120.3079884504321,12.684993374401028,XRPUSDT
2024-01-08,-422.24152910512623,39.771884171130594,XRPUSDT
2024-01-15,117.56448499736783,20.367115496447397,XRPUSDT
2024-01-22,38.58166452324063,28.06740015193965,XRPUSDT
2024-01-29,-146.67168108311478,18.656792173256516,XRPUSDT
2024-02-05,-143.08114464915644,19.215228747660248,XRPUSDT
2024-02-12,5.703422053231488,20.696583228420266,XRPUSDT
2024-02-19,-124.00354295837079,20.902802321014782,XRPUSDT
2024-02-26,162.73849607183033,19.10980057677134,XRPUSDT
2024-03-04,421.9970094700121,49.82081326836922,XRPUSDT
2024-03-11,-186.94601128122602,61.991567135985434,XRPUSDT
2024-03-18,-239.40778075287383,45.040539798718804,XRPUSDT
2024-03-25,349.7303480960934,28.203360195220586,XRPUSDT
2024-04-01,-14.269858886951647,26.26932613152473,XRPUSDT
2024-04-08,125.95744680850896,25.41040838066212,XRPUSDT
2024-04-15,-802.8529626920256,46.14181811267252,XRPUSDT
2024-04-22,431.7548746518085,31.441695031962233,XRPUSDT
2024-04-29,-292.99847792998435,25.334579510058376,XRPUSDT
2024-05-06,-39.525691699604515,32.38878163467231,XRPUSDT
2024-05-13,-55.78800557880071,23.11703823717535,XRPUSDT
2024-05-20,-265.7235710189265,20.78738200527753,XRPUSDT
2024-05-27,-139.89927252378354,17.54493256859852,XRPUSDT
2024-06-03,-73.40158392891705,14.675762178609379,XRPUSDT
2024-06-10,-12.021638950110436,16.298586074389583,XRPUSDT
2024-06-17,309.9304237824163,39.63235033738777,XRPUSDT
2024-06-24,-188.2160392798693,28.083559597268046,XRPUSDT
2024-07-01,93.33899024183356,14.105732920500078,XRPUSDT
2024-07-08,-129.47269303201557,40.77722375993074,XRPUSDT
2024-07-15,968.1501792870706,30.996943937917692,XRPUSDT
2024-07-22,443.28097731239245,39.982625004822324,XRPUSDT
2024-07-29,-34.83164703930952,22.158481838568733,XRPUSDT
2024-08-05,-672.9739378793298,104.36346987261712,XRPUSDT
2024-08-12,-473.9744915546373,37.67477818744057,XRPUSDT
2024-08-19,-12.424565140221056,32.79149048784473,XRPUSDT
2024-08-26,-178.54217854217924,22.617386204080827,XRPUSDT
2024-09-02,-347.81073446327747,20.10924960905227,XRPUSDT
2024-09-09,163.27314636957578,18.35814629788375,XRPUSDT
2024-09-16,-33.19357092942066,24.931819957597664,XRPUSDT
2024-09-23,32.489740082080054,19.60172903671682,XRPUSDT
2024-09-30,895.6492182188991,33.40995389371025,XRPUSDT
2024-10-07,-5.621135469364713,24.14840416006032,XRPUSDT
2024-10-14,-129.96658002228045,17.249045722429468,XRPUSDT
2024-10-21,31.10704483074267,21.736272817861366,XRPUSDT
2024-10-28,294.9382223993613,16.4127507565837,XRPUSDT
2024-11-04,-195.0078003120126,20.408150597364592,XRPUSDT
2024-11-11,631.9971108703504,47.31663301709306,XRPUSDT
2024-11-18,1823.88527896034,86.31462081568077,XRPUSDT
2024-11-25,-270.0502103406166,87.37532841326566,XRPUSDT
2024-12-02,2745.1306808723166,145.91242088918602,XRPUSDT
2024-12-09,727.4674575712647,88.8019312250324,XRPUSDT
2024-12-16,101.5102748204999,47.36155576593089,XRPUSDT
2024-12-23,-337.8378378378377,54.157957524415856,XRPUSDT
2024-12-30,-246.0850111856816,46.88168915684135,XRPUSDT
2025-01-06,-225.79987772569865,28.640947387190927,XRPUSDT
2025-01-13,697.4358974358985,56.10654813486032,XRPUSDT
2025-01-20,-1022.9309035687162,90.03143815348861,XRPUSDT
2025-01-27,-254.25095989416891,70.89356335514098,XRPUSDT
2025-02-03,-1502.751144937563,163.62262659206155,XRPUSDT
2025-02-10,-15.86638830897713,40.35403926362474,XRPUSDT
2025-02-17,-37.99225542485685,37.864390535781595,XRPUSDT
2025-02-24,6.212868403681071,52.903211931287274,XRPUSDT
2025-03-03,3695.571095571095,86.9037686177031,XRPUSDT
2025-03-10,-1031.5895456643043,73.17121230803265,XRPUSDT
2025-03-17,-264.9231553027076,29.772307221449612,XRPUSDT
2025-03-24,247.57261149173982,24.704397021049136,XRPUSDT
2025-03-31,-317.3739571998546,44.325938965378946,XRPUSDT
2025-04-07,-978.8173406603739,104.75039891618808,XRPUSDT
2025-04-14,479.3707331552399,36.45346976074966,XRPUSDT
2025-04-21,81.53756552125691,23.9898098687441,XRPUSDT
2025-04-28,327.06422018348616,31.29517534788747,XRPUSDT
2025-05-05,-243.61528708567448,25.530796675430103,XRPUSDT
2025-05-12,96.85539958185663,59.50093917084772,XRPUSDT
2025-05-19,203.05208727456227,33.54023231500893,XRPUSDT
2025-05-26,197.3512241875053,17.8114450101205,XRPUSDT
2025-06-02,186.60555607520558,23.16185517624385,XRPUSDT
2025-06-09,496.10894941634285,21.70262371369466,XRPUSDT
2025-06-16,85.73691813056116,28.40888735608317,XRPUSDT
2025-06-23,-486.1242212573147,35.66824827380679,XRPUSDT
2025-06-30,301.2751646503808,24.16784106586918,XRPUSDT
2025-07-07,227.51847179671935,24.769783042319553,XRPUSDT
2025-07-14,371.643865681468,52.30816980049456,XRPUSDT
2025-07-21,117.44376757263365,35.57698315633863,XRPUSDT
2025-07-28,307.0608075858328,37.43903684471785,XRPUSDT
2025-08-04,-45.27485893840666,29.499140267784387,XRPUSDT
2025-08-11,-302.2555017806594,36.27609851813842,XRPUSDT
2025-08-18,27.622513973741825,29.775539182979514,XRPUSDT
2025-08-25,-155.84838132422396,33.116645432754524,XRPUSDT
2025-09-01,-154.353842878433,31.95289118002127,XRPUSDT
2025-09-08,222.88578436600258,22.41114570134356,XRPUSDT
2025-09-15,-251.191549658637,24.620219005661273,XRPUSDT
2025-09-22,-67.58339188330132,31.404958286330206,XRPUSDT
2025-09-29,303.7274001653434,21.292330634948826,XRPUSDT
2025-10-06,-234.49319213313169,21.6961623582983,XRPUSDT
2025-10-13,655.6478475355232,43.02865423506356,XRPUSDT
2025-10-20,423.10041001482944,28.734148460654517,XRPUSDT
2025-10-27,538.2684569106333,28.93338657467549,XRPUSDT
2025-11-03,69.37799043062131,38.84151960257503,XRPUSDT
2025-11-10,217.27861771058343,41.89115901551123,XRPUSDT
2025-11-17,-129.31418888789793,43.10538921618241,XRPUSDT
2025-11-24,501.5127429362587,46.9179016090559,XRPUSDT
2025-12-01,-112.93728766871736,39.14492721553721,XRPUSDT
2025-12-08,45.24441821579739,26.142612204944076,XRPUSDT
2025-12-15,-145.0431141902997,25.33765628306736,XRPUSDT
2025-12-22,68.65108479195081,23.227611629822427,XRPUSDT
2025-12-29,117.75558932059838,18.71655806869323,XRPUSDT
2026-01-05,414.69371479838645,36.898815150207085,XRPUSDT
2026-01-12,-103.5848966537789,27.479317728840492,XRPUSDT
2026-01-19,-372.03676826318423,27.93406159547308,XRPUSDT
2026-01-26,-438.86166996768503,25.663542048022826,XRPUSDT
2026-02-02,-828.8153189525893,49.626958226928465,XRPUSDT
2026-02-09,-263.5342185903977,39.79437170840586,XRPUSDT
2026-02-16,480.69401976818415,39.03191825728582,XRPUSDT
